amount,denom,address
1_000_000__000_000,upenumbra,penumbra1tj9s0dh8ymphnw2qgrva57wpcmpr38e9a8w05t5c8dyynr7dt58hgnare7tunqyuryc7yag084rqxrsrj9yx8uk9yhs8lmg64hl993wn3rphlvan3paxdd6suyhwnpkd6cwzes
20_000,gm,penumbra1tj9s0dh8ymphnw2qgrva57wpcmpr38e9a8w05t5c8dyynr7dt58hgnare7tunqyuryc7yag084rqxrsrj9yx8uk9yhs8lmg64hl993wn3rphlvan3paxdd6suyhwnpkd6cwzes
20_000,gn,penumbra1tj9s0dh8ymphnw2qgrva57wpcmpr38e9a8w05t5c8dyynr7dt58hgnare7tunqyuryc7yag084rqxrsrj9yx8uk9yhs8lmg64hl993wn3rphlvan3paxdd6suyhwnpkd6cwzes
10_000,pizza,penumbra1tj9s0dh8ymphnw2qgrva57wpcmpr38e9a8w05t5c8dyynr7dt58hgnare7tunqyuryc7yag084rqxrsrj9yx8uk9yhs8lmg64hl993wn3rphlvan3paxdd6suyhwnpkd6cwzes
100,cube,penumbra1tj9s0dh8ymphnw2qgrva57wpcmpr38e9a8w05t5c8dyynr7dt58hgnare7tunqyuryc7yag084rqxrsrj9yx8uk9yhs8lmg64hl993wn3rphlvan3paxdd6suyhwnpkd6cwzes
500_000,test_usd,penumbra1tj9s0dh8ymphnw2qgrva57wpcmpr38e9a8w05t5c8dyynr7dt58hgnare7tunqyuryc7yag084rqxrsrj9yx8uk9yhs8lmg64hl993wn3rphlvan3paxdd6suyhwnpkd6cwzes
1_000_000__000_000,upenumbra,penumbra12ts5g469dpjdcn2wmdkz25nng6snxkuxumfnmygtrp2fm6776zjw7r35y2j7s07h8368a4kr3c904w8cjgpm6v3ysaj6gh930z7fwlqq9kvjewsy9fgamzxyj874kgu5uvcshg
20_000,gm,penumbra12ts5g469dpjdcn2wmdkz25nng6snxkuxumfnmygtrp2fm6776zjw7r35y2j7s07h8368a4kr3c904w8cjgpm6v3ysaj6gh930z7fwlqq9kvjewsy9fgamzxyj874kgu5uvcshg
20_000,gn,penumbra12ts5g469dpjdcn2wmdkz25nng6snxkuxumfnmygtrp2fm6776zjw7r35y2j7s07h8368a4kr3c904w8cjgpm6v3ysaj6gh930z7fwlqq9kvjewsy9fgamzxyj874kgu5uvcshg
10_000,pizza,penumbra12ts5g469dpjdcn2wmdkz25nng6snxkuxumfnmygtrp2fm6776zjw7r35y2j7s07h8368a4kr3c904w8cjgpm6v3ysaj6gh930z7fwlqq9kvjewsy9fgamzxyj874kgu5uvcshg
100,cube,penumbra12ts5g469dpjdcn2wmdkz25nng6snxkuxumfnmygtrp2fm6776zjw7r35y2j7s07h8368a4kr3c904w8cjgpm6v3ysaj6gh930z7fwlqq9kvjewsy9fgamzxyj874kgu5uvcshg
500_000,test_usd,penumbra12ts5g469dpjdcn2wmdkz25nng6snxkuxumfnmygtrp2fm6776zjw7r35y2j7s07h8368a4kr3c904w8cjgpm6v3ysaj6gh930z7fwlqq9kvjewsy9fgamzxyj874kgu5uvcshg
1_000_000__000_000,upenumbra,penumbra19zz058ttl8vhsypztc0gyl9yfs7jcn3906kgd3pzeh944klh8vf2ttx7qvscxwtuecw92cy6n55ttjn482q7ufpzwj5yem9xcvecrd2zc6vgctxzc3k7mnpg0lk8vved00e3g0
20_000,gm,penumbra19zz058ttl8vhsypztc0gyl9yfs7jcn3906kgd3pzeh944klh8vf2ttx7qvscxwtuecw92cy6n55ttjn482q7ufpzwj5yem9xcvecrd2zc6vgctxzc3k7mnpg0lk8vved00e3g0
20_000,gn,penumbra19zz058ttl8vhsypztc0gyl9yfs7jcn3906kgd3pzeh944klh8vf2ttx7qvscxwtuecw92cy6n55ttjn482q7ufpzwj5yem9xcvecrd2zc6vgctxzc3k7mnpg0lk8vved00e3g0
10_000,pizza,penumbra19zz058ttl8vhsypztc0gyl9yfs7jcn3906kgd3pzeh944klh8vf2ttx7qvscxwtuecw92cy6n55ttjn482q7ufpzwj5yem9xcvecrd2zc6vgctxzc3k7mnpg0lk8vved00e3g0
100,cube,penumbra19zz058ttl8vhsypztc0gyl9yfs7jcn3906kgd3pzeh944klh8vf2ttx7qvscxwtuecw92cy6n55ttjn482q7ufpzwj5yem9xcvecrd2zc6vgctxzc3k7mnpg0lk8vved00e3g0
500_000,test_usd,penumbra19zz058ttl8vhsypztc0gyl9yfs7jcn3906kgd3pzeh944klh8vf2ttx7qvscxwtuecw92cy6n55ttjn482q7ufpzwj5yem9xcvecrd2zc6vgctxzc3k7mnpg0lk8vved00e3g0
1_000_000__000_000,upenumbra,penumbra1qvqr8cvqyf4pwrl6svw9kj8eypf3fuunrcs83m30zxh57y2ytk94gygmtq5k82cjdq9y3mlaa3fwctwpdjr6fxnwuzrsy4ezm0u2tqpzw0sed82shzcr42sju55en26mavjnw4
20_000,gm,penumbra1qvqr8cvqyf4pwrl6svw9kj8eypf3fuunrcs83m30zxh57y2ytk94gygmtq5k82cjdq9y3mlaa3fwctwpdjr6fxnwuzrsy4ezm0u2tqpzw0sed82shzcr42sju55en26mavjnw4
20_000,gn,penumbra1qvqr8cvqyf4pwrl6svw9kj8eypf3fuunrcs83m30zxh57y2ytk94gygmtq5k82cjdq9y3mlaa3fwctwpdjr6fxnwuzrsy4ezm0u2tqpzw0sed82shzcr42sju55en26mavjnw4
10_000,pizza,penumbra1qvqr8cvqyf4pwrl6svw9kj8eypf3fuunrcs83m30zxh57y2ytk94gygmtq5k82cjdq9y3mlaa3fwctwpdjr6fxnwuzrsy4ezm0u2tqpzw0sed82shzcr42sju55en26mavjnw4
100,cube,penumbra1qvqr8cvqyf4pwrl6svw9kj8eypf3fuunrcs83m30zxh57y2ytk94gygmtq5k82cjdq9y3mlaa3fwctwpdjr6fxnwuzrsy4ezm0u2tqpzw0sed82shzcr42sju55en26mavjnw4
500_000,test_usd,penumbra1qvqr8cvqyf4pwrl6svw9kj8eypf3fuunrcs83m30zxh57y2ytk94gygmtq5k82cjdq9y3mlaa3fwctwpdjr6fxnwuzrsy4ezm0u2tqpzw0sed82shzcr42sju55en26mavjnw4
1_000_000__000_000,upenumbra,penumbra1djxk3jzq5d3ga63vut39gdr9lh57yp34pu79jnjmjna3mmxuqaf476e7ar9je0hfn35cpuu4s7l9vae4gfd4773zepygwed5pfgdad26pvzd6qqaur4czes0cl5ku7jjvhx0e0
20_000,gm,penumbra1djxk3jzq5d3ga63vut39gdr9lh57yp34pu79jnjmjna3mmxuqaf476e7ar9je0hfn35cpuu4s7l9vae4gfd4773zepygwed5pfgdad26pvzd6qqaur4czes0cl5ku7jjvhx0e0
20_000,gn,penumbra1djxk3jzq5d3ga63vut39gdr9lh57yp34pu79jnjmjna3mmxuqaf476e7ar9je0hfn35cpuu4s7l9vae4gfd4773zepygwed5pfgdad26pvzd6qqaur4czes0cl5ku7jjvhx0e0
10_000,pizza,penumbra1djxk3jzq5d3ga63vut39gdr9lh57yp34pu79jnjmjna3mmxuqaf476e7ar9je0hfn35cpuu4s7l9vae4gfd4773zepygwed5pfgdad26pvzd6qqaur4czes0cl5ku7jjvhx0e0
100,cube,penumbra1djxk3jzq5d3ga63vut39gdr9lh57yp34pu79jnjmjna3mmxuqaf476e7ar9je0hfn35cpuu4s7l9vae4gfd4773zepygwed5pfgdad26pvzd6qqaur4czes0cl5ku7jjvhx0e0
500_000,test_usd,penumbra1djxk3jzq5d3ga63vut39gdr9lh57yp34pu79jnjmjna3mmxuqaf476e7ar9je0hfn35cpuu4s7l9vae4gfd4773zepygwed5pfgdad26pvzd6qqaur4czes0cl5ku7jjvhx0e0
1_000_000__000_000,upenumbra,penumbra1f5qra6dk8pmp0m2s42sq4qsxthjp6mmcpj3rjwrn74getpmwhrgzhe545fhz6eew2gdcpn2ee0j7fdm4whxl8ux6p5jz6g5fz72u4pzd4z26jnxeasvsvwapx2lvhxw8uy7dvw
20_000,gm,penumbra1f5qra6dk8pmp0m2s42sq4qsxthjp6mmcpj3rjwrn74getpmwhrgzhe545fhz6eew2gdcpn2ee0j7fdm4whxl8ux6p5jz6g5fz72u4pzd4z26jnxeasvsvwapx2lvhxw8uy7dvw
20_000,gn,penumbra1f5qra6dk8pmp0m2s42sq4qsxthjp6mmcpj3rjwrn74getpmwhrgzhe545fhz6eew2gdcpn2ee0j7fdm4whxl8ux6p5jz6g5fz72u4pzd4z26jnxeasvsvwapx2lvhxw8uy7dvw
10_000,pizza,penumbra1f5qra6dk8pmp0m2s42sq4qsxthjp6mmcpj3rjwrn74getpmwhrgzhe545fhz6eew2gdcpn2ee0j7fdm4whxl8ux6p5jz6g5fz72u4pzd4z26jnxeasvsvwapx2lvhxw8uy7dvw
100,cube,penumbra1f5qra6dk8pmp0m2s42sq4qsxthjp6mmcpj3rjwrn74getpmwhrgzhe545fhz6eew2gdcpn2ee0j7fdm4whxl8ux6p5jz6g5fz72u4pzd4z26jnxeasvsvwapx2lvhxw8uy7dvw
500_000,test_usd,penumbra1f5qra6dk8pmp0m2s42sq4qsxthjp6mmcpj3rjwrn74getpmwhrgzhe545fhz6eew2gdcpn2ee0j7fdm4whxl8ux6p5jz6g5fz72u4pzd4z26jnxeasvsvwapx2lvhxw8uy7dvw
1_000_000__000_000,upenumbra,penumbra18dms48wvudc7qljl6zjq48hyuvxxvhm2se2zltpjndpnn5c092mwych7uvs0xztpc7q0e2j7s89nyfxyj2pmu50zafvhwq5x4prm49ax6c7txmvjjdkgu9c8u0nhyqgrsmfn2c
20_000,gm,penumbra18dms48wvudc7qljl6zjq48hyuvxxvhm2se2zltpjndpnn5c092mwych7uvs0xztpc7q0e2j7s89nyfxyj2pmu50zafvhwq5x4prm49ax6c7txmvjjdkgu9c8u0nhyqgrsmfn2c
20_000,gn,penumbra18dms48wvudc7qljl6zjq48hyuvxxvhm2se2zltpjndpnn5c092mwych7uvs0xztpc7q0e2j7s89nyfxyj2pmu50zafvhwq5x4prm49ax6c7txmvjjdkgu9c8u0nhyqgrsmfn2c
10_000,pizza,penumbra18dms48wvudc7qljl6zjq48hyuvxxvhm2se2zltpjndpnn5c092mwych7uvs0xztpc7q0e2j7s89nyfxyj2pmu50zafvhwq5x4prm49ax6c7txmvjjdkgu9c8u0nhyqgrsmfn2c
100,cube,penumbra18dms48wvudc7qljl6zjq48hyuvxxvhm2se2zltpjndpnn5c092mwych7uvs0xztpc7q0e2j7s89nyfxyj2pmu50zafvhwq5x4prm49ax6c7txmvjjdkgu9c8u0nhyqgrsmfn2c
500_000,test_usd,penumbra18dms48wvudc7qljl6zjq48hyuvxxvhm2se2zltpjndpnn5c092mwych7uvs0xztpc7q0e2j7s89nyfxyj2pmu50zafvhwq5x4prm49ax6c7txmvjjdkgu9c8u0nhyqgrsmfn2c
1_000_000__000_000,upenumbra,penumbra169w7gexlfa9m7gsa3vmwyfpu92j0yxawmlkt06g3qg5ta29czwzepzqp0d0nl324jgcjrc6fy0kmqhjlureeyjulejug8e2h6zj0kqf0vapwszahqm8swg634extm3837kl59v
20_000,gm,penumbra169w7gexlfa9m7gsa3vmwyfpu92j0yxawmlkt06g3qg5ta29czwzepzqp0d0nl324jgcjrc6fy0kmqhjlureeyjulejug8e2h6zj0kqf0vapwszahqm8swg634extm3837kl59v
20_000,gn,penumbra169w7gexlfa9m7gsa3vmwyfpu92j0yxawmlkt06g3qg5ta29czwzepzqp0d0nl324jgcjrc6fy0kmqhjlureeyjulejug8e2h6zj0kqf0vapwszahqm8swg634extm3837kl59v
10_000,pizza,penumbra169w7gexlfa9m7gsa3vmwyfpu92j0yxawmlkt06g3qg5ta29czwzepzqp0d0nl324jgcjrc6fy0kmqhjlureeyjulejug8e2h6zj0kqf0vapwszahqm8swg634extm3837kl59v
100,cube,penumbra169w7gexlfa9m7gsa3vmwyfpu92j0yxawmlkt06g3qg5ta29czwzepzqp0d0nl324jgcjrc6fy0kmqhjlureeyjulejug8e2h6zj0kqf0vapwszahqm8swg634extm3837kl59v
500_000,test_usd,penumbra169w7gexlfa9m7gsa3vmwyfpu92j0yxawmlkt06g3qg5ta29czwzepzqp0d0nl324jgcjrc6fy0kmqhjlureeyjulejug8e2h6zj0kqf0vapwszahqm8swg634extm3837kl59v
1_000_000__000_000,upenumbra,penumbra10as9rd2ny8w6v70sx4cetrph9twy5vu4ystjz6ae0uuutjamfztl2649vdufmya02a6r0907ywuxkhz3uve6thaf5et2jhnx97k0h0t07ad9pdhawls7wzklrktefzwwvrxtsn
20_000,gm,penumbra10as9rd2ny8w6v70sx4cetrph9twy5vu4ystjz6ae0uuutjamfztl2649vdufmya02a6r0907ywuxkhz3uve6thaf5et2jhnx97k0h0t07ad9pdhawls7wzklrktefzwwvrxtsn
20_000,gn,penumbra10as9rd2ny8w6v70sx4cetrph9twy5vu4ystjz6ae0uuutjamfztl2649vdufmya02a6r0907ywuxkhz3uve6thaf5et2jhnx97k0h0t07ad9pdhawls7wzklrktefzwwvrxtsn
10_000,pizza,penumbra10as9rd2ny8w6v70sx4cetrph9twy5vu4ystjz6ae0uuutjamfztl2649vdufmya02a6r0907ywuxkhz3uve6thaf5et2jhnx97k0h0t07ad9pdhawls7wzklrktefzwwvrxtsn
100,cube,penumbra10as9rd2ny8w6v70sx4cetrph9twy5vu4ystjz6ae0uuutjamfztl2649vdufmya02a6r0907ywuxkhz3uve6thaf5et2jhnx97k0h0t07ad9pdhawls7wzklrktefzwwvrxtsn
500_000,test_usd,penumbra10as9rd2ny8w6v70sx4cetrph9twy5vu4ystjz6ae0uuutjamfztl2649vdufmya02a6r0907ywuxkhz3uve6thaf5et2jhnx97k0h0t07ad9pdhawls7wzklrktefzwwvrxtsn
1_000_000__000_000,upenumbra,penumbra1ks9t4vrp9alvk9yfapyu75hjf7p3wva76t0dz9a902zlp8vuyn0q9j2a72pu9j0uxmg356xstqpmafkj28ktx37l4lzq25nmgdeay5ls00yky2pgladnr5z7u3ftav7lw9vnre
20_000,gm,penumbra1ks9t4vrp9alvk9yfapyu75hjf7p3wva76t0dz9a902zlp8vuyn0q9j2a72pu9j0uxmg356xstqpmafkj28ktx37l4lzq25nmgdeay5ls00yky2pgladnr5z7u3ftav7lw9vnre
20_000,gn,penumbra1ks9t4vrp9alvk9yfapyu75hjf7p3wva76t0dz9a902zlp8vuyn0q9j2a72pu9j0uxmg356xstqpmafkj28ktx37l4lzq25nmgdeay5ls00yky2pgladnr5z7u3ftav7lw9vnre
10_000,pizza,penumbra1ks9t4vrp9alvk9yfapyu75hjf7p3wva76t0dz9a902zlp8vuyn0q9j2a72pu9j0uxmg356xstqpmafkj28ktx37l4lzq25nmgdeay5ls00yky2pgladnr5z7u3ftav7lw9vnre
100,cube,penumbra1ks9t4vrp9alvk9yfapyu75hjf7p3wva76t0dz9a902zlp8vuyn0q9j2a72pu9j0uxmg356xstqpmafkj28ktx37l4lzq25nmgdeay5ls00yky2pgladnr5z7u3ftav7lw9vnre
500_000,test_usd,penumbra1ks9t4vrp9alvk9yfapyu75hjf7p3wva76t0dz9a902zlp8vuyn0q9j2a72pu9j0uxmg356xstqpmafkj28ktx37l4lzq25nmgdeay5ls00yky2pgladnr5z7u3ftav7lw9vnre
1_000_000__000_000,upenumbra,penumbra147mfall0zr6am5r45qkwht7xqqrdsp50czde7empv7yq2nk3z8yyfh9k9520ddgswkmzar22vhz9dwtuem7uxw0qytfpv7lk3q9dp8ccaw2fn5c838rfackazmgf3ahh09cxmz
20_000,gm,penumbra147mfall0zr6am5r45qkwht7xqqrdsp50czde7empv7yq2nk3z8yyfh9k9520ddgswkmzar22vhz9dwtuem7uxw0qytfpv7lk3q9dp8ccaw2fn5c838rfackazmgf3ahh09cxmz
20_000,gn,penumbra147mfall0zr6am5r45qkwht7xqqrdsp50czde7empv7yq2nk3z8yyfh9k9520ddgswkmzar22vhz9dwtuem7uxw0qytfpv7lk3q9dp8ccaw2fn5c838rfackazmgf3ahh09cxmz
10_000,pizza,penumbra147mfall0zr6am5r45qkwht7xqqrdsp50czde7empv7yq2nk3z8yyfh9k9520ddgswkmzar22vhz9dwtuem7uxw0qytfpv7lk3q9dp8ccaw2fn5c838rfackazmgf3ahh09cxmz
100,cube,penumbra147mfall0zr6am5r45qkwht7xqqrdsp50czde7empv7yq2nk3z8yyfh9k9520ddgswkmzar22vhz9dwtuem7uxw0qytfpv7lk3q9dp8ccaw2fn5c838rfackazmgf3ahh09cxmz
500_000,test_usd,penumbra147mfall0zr6am5r45qkwht7xqqrdsp50czde7empv7yq2nk3z8yyfh9k9520ddgswkmzar22vhz9dwtuem7uxw0qytfpv7lk3q9dp8ccaw2fn5c838rfackazmgf3ahh09cxmz
1_000_000__000_000,upenumbra,penumbra183uj3sh6d22j6mguu3vlpfcp87lh93jfzn3ucehfk2j4ek07jnwelznq2k8jk200gwrnyyvttexay2u638l7s6dhnh7vec3wscyefslswnhwd44ywqfxzxd4wdt8eqxy8st7k0
20_000,gm,penumbra183uj3sh6d22j6mguu3vlpfcp87lh93jfzn3ucehfk2j4ek07jnwelznq2k8jk200gwrnyyvttexay2u638l7s6dhnh7vec3wscyefslswnhwd44ywqfxzxd4wdt8eqxy8st7k0
20_000,gn,penumbra183uj3sh6d22j6mguu3vlpfcp87lh93jfzn3ucehfk2j4ek07jnwelznq2k8jk200gwrnyyvttexay2u638l7s6dhnh7vec3wscyefslswnhwd44ywqfxzxd4wdt8eqxy8st7k0
10_000,pizza,penumbra183uj3sh6d22j6mguu3vlpfcp87lh93jfzn3ucehfk2j4ek07jnwelznq2k8jk200gwrnyyvttexay2u638l7s6dhnh7vec3wscyefslswnhwd44ywqfxzxd4wdt8eqxy8st7k0
100,cube,penumbra183uj3sh6d22j6mguu3vlpfcp87lh93jfzn3ucehfk2j4ek07jnwelznq2k8jk200gwrnyyvttexay2u638l7s6dhnh7vec3wscyefslswnhwd44ywqfxzxd4wdt8eqxy8st7k0
500_000,test_usd,penumbra183uj3sh6d22j6mguu3vlpfcp87lh93jfzn3ucehfk2j4ek07jnwelznq2k8jk200gwrnyyvttexay2u638l7s6dhnh7vec3wscyefslswnhwd44ywqfxzxd4wdt8eqxy8st7k0
5_000_000__000_000,upenumbra,penumbra1xq2e9x7uhfzezwunvazdamlxepf4jr5htsuqnzlsahuayyqxjjwg9lk0aytwm6wfj3jy29rv2kdpen57903s8wxv3jmqwj6m6v5jgn6y2cypfd03rke652k8wmavxra7e9wkrg
50_000,gm,penumbra1xq2e9x7uhfzezwunvazdamlxepf4jr5htsuqnzlsahuayyqxjjwg9lk0aytwm6wfj3jy29rv2kdpen57903s8wxv3jmqwj6m6v5jgn6y2cypfd03rke652k8wmavxra7e9wkrg
50_000,gn,penumbra1xq2e9x7uhfzezwunvazdamlxepf4jr5htsuqnzlsahuayyqxjjwg9lk0aytwm6wfj3jy29rv2kdpen57903s8wxv3jmqwj6m6v5jgn6y2cypfd03rke652k8wmavxra7e9wkrg
25_000,pizza,penumbra1xq2e9x7uhfzezwunvazdamlxepf4jr5htsuqnzlsahuayyqxjjwg9lk0aytwm6wfj3jy29rv2kdpen57903s8wxv3jmqwj6m6v5jgn6y2cypfd03rke652k8wmavxra7e9wkrg
250,cube,penumbra1xq2e9x7uhfzezwunvazdamlxepf4jr5htsuqnzlsahuayyqxjjwg9lk0aytwm6wfj3jy29rv2kdpen57903s8wxv3jmqwj6m6v5jgn6y2cypfd03rke652k8wmavxra7e9wkrg
1_000_000,test_usd,penumbra1xq2e9x7uhfzezwunvazdamlxepf4jr5htsuqnzlsahuayyqxjjwg9lk0aytwm6wfj3jy29rv2kdpen57903s8wxv3jmqwj6m6v5jgn6y2cypfd03rke652k8wmavxra7e9wkrg
10_000,nala,penumbra1xq2e9x7uhfzezwunvazdamlxepf4jr5htsuqnzlsahuayyqxjjwg9lk0aytwm6wfj3jy29rv2kdpen57903s8wxv3jmqwj6m6v5jgn6y2cypfd03rke652k8wmavxra7e9wkrg
5_000_000__000_000,upenumbra,penumbra1mflr95lhj0vjr86uyffkmxg6hjamjs7rrcykwgnyt8lcz0a6xqzh0xz78hpnq3x70s8cnu4cnyqq2wgkt9nthcc3k8scf4wlraccdmkr6wyzsap88t0du2dlv5xclgkmwmwnct
50_000,gm,penumbra1mflr95lhj0vjr86uyffkmxg6hjamjs7rrcykwgnyt8lcz0a6xqzh0xz78hpnq3x70s8cnu4cnyqq2wgkt9nthcc3k8scf4wlraccdmkr6wyzsap88t0du2dlv5xclgkmwmwnct
50_000,gn,penumbra1mflr95lhj0vjr86uyffkmxg6hjamjs7rrcykwgnyt8lcz0a6xqzh0xz78hpnq3x70s8cnu4cnyqq2wgkt9nthcc3k8scf4wlraccdmkr6wyzsap88t0du2dlv5xclgkmwmwnct
25_000,pizza,penumbra1mflr95lhj0vjr86uyffkmxg6hjamjs7rrcykwgnyt8lcz0a6xqzh0xz78hpnq3x70s8cnu4cnyqq2wgkt9nthcc3k8scf4wlraccdmkr6wyzsap88t0du2dlv5xclgkmwmwnct
250,cube,penumbra1mflr95lhj0vjr86uyffkmxg6hjamjs7rrcykwgnyt8lcz0a6xqzh0xz78hpnq3x70s8cnu4cnyqq2wgkt9nthcc3k8scf4wlraccdmkr6wyzsap88t0du2dlv5xclgkmwmwnct
1_000_000,test_usd,penumbra1mflr95lhj0vjr86uyffkmxg6hjamjs7rrcykwgnyt8lcz0a6xqzh0xz78hpnq3x70s8cnu4cnyqq2wgkt9nthcc3k8scf4wlraccdmkr6wyzsap88t0du2dlv5xclgkmwmwnct
10_000,nala,penumbra1mflr95lhj0vjr86uyffkmxg6hjamjs7rrcykwgnyt8lcz0a6xqzh0xz78hpnq3x70s8cnu4cnyqq2wgkt9nthcc3k8scf4wlraccdmkr6wyzsap88t0du2dlv5xclgkmwmwnct
5_000_000__000_000,upenumbra,penumbra1jdgsqxnqqhqwjc6j3lhm4qnqz4gu02j87p4v0uj95ur9xdtym9acnj6p6ykqx89crmj0gw8r6fl4xh4la2yxyks9czl4lvqsxm9e5u86gdus0fh9hqxvg8aq47cw9fv8l2vh34
50_000,gm,penumbra1jdgsqxnqqhqwjc6j3lhm4qnqz4gu02j87p4v0uj95ur9xdtym9acnj6p6ykqx89crmj0gw8r6fl4xh4la2yxyks9czl4lvqsxm9e5u86gdus0fh9hqxvg8aq47cw9fv8l2vh34
50_000,gn,penumbra1jdgsqxnqqhqwjc6j3lhm4qnqz4gu02j87p4v0uj95ur9xdtym9acnj6p6ykqx89crmj0gw8r6fl4xh4la2yxyks9czl4lvqsxm9e5u86gdus0fh9hqxvg8aq47cw9fv8l2vh34
25_000,pizza,penumbra1jdgsqxnqqhqwjc6j3lhm4qnqz4gu02j87p4v0uj95ur9xdtym9acnj6p6ykqx89crmj0gw8r6fl4xh4la2yxyks9czl4lvqsxm9e5u86gdus0fh9hqxvg8aq47cw9fv8l2vh34
250,cube,penumbra1jdgsqxnqqhqwjc6j3lhm4qnqz4gu02j87p4v0uj95ur9xdtym9acnj6p6ykqx89crmj0gw8r6fl4xh4la2yxyks9czl4lvqsxm9e5u86gdus0fh9hqxvg8aq47cw9fv8l2vh34
1_000_000,test_usd,penumbra1jdgsqxnqqhqwjc6j3lhm4qnqz4gu02j87p4v0uj95ur9xdtym9acnj6p6ykqx89crmj0gw8r6fl4xh4la2yxyks9czl4lvqsxm9e5u86gdus0fh9hqxvg8aq47cw9fv8l2vh34
10_000,nala,penumbra1jdgsqxnqqhqwjc6j3lhm4qnqz4gu02j87p4v0uj95ur9xdtym9acnj6p6ykqx89crmj0gw8r6fl4xh4la2yxyks9czl4lvqsxm9e5u86gdus0fh9hqxvg8aq47cw9fv8l2vh34
5_000_000__000_000,upenumbra,penumbra1k20526f5je6c3mftpuu7p7mn3tr3p84x4qgm2nla9czwae9awse6mqsvn8qgr83y3cnhh7wkwv0s29ycs9r4p6lr5eeee0emquun8v7qlt7lt8w7ck3ukl5ctnufhzwmj00utn
50_000,gm,penumbra1k20526f5je6c3mftpuu7p7mn3tr3p84x4qgm2nla9czwae9awse6mqsvn8qgr83y3cnhh7wkwv0s29ycs9r4p6lr5eeee0emquun8v7qlt7lt8w7ck3ukl5ctnufhzwmj00utn
50_000,gn,penumbra1k20526f5je6c3mftpuu7p7mn3tr3p84x4qgm2nla9czwae9awse6mqsvn8qgr83y3cnhh7wkwv0s29ycs9r4p6lr5eeee0emquun8v7qlt7lt8w7ck3ukl5ctnufhzwmj00utn
25_000,pizza,penumbra1k20526f5je6c3mftpuu7p7mn3tr3p84x4qgm2nla9czwae9awse6mqsvn8qgr83y3cnhh7wkwv0s29ycs9r4p6lr5eeee0emquun8v7qlt7lt8w7ck3ukl5ctnufhzwmj00utn
250,cube,penumbra1k20526f5je6c3mftpuu7p7mn3tr3p84x4qgm2nla9czwae9awse6mqsvn8qgr83y3cnhh7wkwv0s29ycs9r4p6lr5eeee0emquun8v7qlt7lt8w7ck3ukl5ctnufhzwmj00utn
1_000_000,test_usd,penumbra1k20526f5je6c3mftpuu7p7mn3tr3p84x4qgm2nla9czwae9awse6mqsvn8qgr83y3cnhh7wkwv0s29ycs9r4p6lr5eeee0emquun8v7qlt7lt8w7ck3ukl5ctnufhzwmj00utn
10_000,nala,penumbra1k20526f5je6c3mftpuu7p7mn3tr3p84x4qgm2nla9czwae9awse6mqsvn8qgr83y3cnhh7wkwv0s29ycs9r4p6lr5eeee0emquun8v7qlt7lt8w7ck3ukl5ctnufhzwmj00utn
10_000_000__000_000,upenumbra,penumbra1rqcd3hfvkvc04c4c9vc0ac87lh4y0z8l28k4xp6d0cnd5jc6f6k0neuzp6zdwtpwyfpswtdzv9jzqtpjn5t6wh96pfx3flq2dhqgc42u7c06kj57dl39w2xm6tg0wh4zc8kjjk
10_000_000,gm,penumbra1rqcd3hfvkvc04c4c9vc0ac87lh4y0z8l28k4xp6d0cnd5jc6f6k0neuzp6zdwtpwyfpswtdzv9jzqtpjn5t6wh96pfx3flq2dhqgc42u7c06kj57dl39w2xm6tg0wh4zc8kjjk
10_000_000,gn,penumbra1rqcd3hfvkvc04c4c9vc0ac87lh4y0z8l28k4xp6d0cnd5jc6f6k0neuzp6zdwtpwyfpswtdzv9jzqtpjn5t6wh96pfx3flq2dhqgc42u7c06kj57dl39w2xm6tg0wh4zc8kjjk
10_000_000,pizza,penumbra1rqcd3hfvkvc04c4c9vc0ac87lh4y0z8l28k4xp6d0cnd5jc6f6k0neuzp6zdwtpwyfpswtdzv9jzqtpjn5t6wh96pfx3flq2dhqgc42u7c06kj57dl39w2xm6tg0wh4zc8kjjk
10_000_000,cube,penumbra1rqcd3hfvkvc04c4c9vc0ac87lh4y0z8l28k4xp6d0cnd5jc6f6k0neuzp6zdwtpwyfpswtdzv9jzqtpjn5t6wh96pfx3flq2dhqgc42u7c06kj57dl39w2xm6tg0wh4zc8kjjk
10_000_000,test_usd,penumbra1rqcd3hfvkvc04c4c9vc0ac87lh4y0z8l28k4xp6d0cnd5jc6f6k0neuzp6zdwtpwyfpswtdzv9jzqtpjn5t6wh96pfx3flq2dhqgc42u7c06kj57dl39w2xm6tg0wh4zc8kjjk
10_000_000,test_btc,penumbra1rqcd3hfvkvc04c4c9vc0ac87lh4y0z8l28k4xp6d0cnd5jc6f6k0neuzp6zdwtpwyfpswtdzv9jzqtpjn5t6wh96pfx3flq2dhqgc42u7c06kj57dl39w2xm6tg0wh4zc8kjjk
10_000_000,test_eth,penumbra1rqcd3hfvkvc04c4c9vc0ac87lh4y0z8l28k4xp6d0cnd5jc6f6k0neuzp6zdwtpwyfpswtdzv9jzqtpjn5t6wh96pfx3flq2dhqgc42u7c06kj57dl39w2xm6tg0wh4zc8kjjk
10_000_000,test_atom,penumbra1rqcd3hfvkvc04c4c9vc0ac87lh4y0z8l28k4xp6d0cnd5jc6f6k0neuzp6zdwtpwyfpswtdzv9jzqtpjn5t6wh96pfx3flq2dhqgc42u7c06kj57dl39w2xm6tg0wh4zc8kjjk
10_000_000,test_osmo,penumbra1rqcd3hfvkvc04c4c9vc0ac87lh4y0z8l28k4xp6d0cnd5jc6f6k0neuzp6zdwtpwyfpswtdzv9jzqtpjn5t6wh96pfx3flq2dhqgc42u7c06kj57dl39w2xm6tg0wh4zc8kjjk
10_000_000__000_000,upenumbra,penumbra105shuajmml02qgfwmxz7rqqcjwu8tzjdyd3u75za35cj0se3pv5ssmxlv9qc86hawtae35whfst78g30z9xhyxvh8vrz433rlvslzg5675rwr8rcz7g6pszmc5tkm63u6kqa3f
10_000_000,gm,penumbra105shuajmml02qgfwmxz7rqqcjwu8tzjdyd3u75za35cj0se3pv5ssmxlv9qc86hawtae35whfst78g30z9xhyxvh8vrz433rlvslzg5675rwr8rcz7g6pszmc5tkm63u6kqa3f
10_000_000,gn,penumbra105shuajmml02qgfwmxz7rqqcjwu8tzjdyd3u75za35cj0se3pv5ssmxlv9qc86hawtae35whfst78g30z9xhyxvh8vrz433rlvslzg5675rwr8rcz7g6pszmc5tkm63u6kqa3f
10_000_000,pizza,penumbra105shuajmml02qgfwmxz7rqqcjwu8tzjdyd3u75za35cj0se3pv5ssmxlv9qc86hawtae35whfst78g30z9xhyxvh8vrz433rlvslzg5675rwr8rcz7g6pszmc5tkm63u6kqa3f
10_000_000,cube,penumbra105shuajmml02qgfwmxz7rqqcjwu8tzjdyd3u75za35cj0se3pv5ssmxlv9qc86hawtae35whfst78g30z9xhyxvh8vrz433rlvslzg5675rwr8rcz7g6pszmc5tkm63u6kqa3f
10_000_000,test_usd,penumbra105shuajmml02qgfwmxz7rqqcjwu8tzjdyd3u75za35cj0se3pv5ssmxlv9qc86hawtae35whfst78g30z9xhyxvh8vrz433rlvslzg5675rwr8rcz7g6pszmc5tkm63u6kqa3f
10_000_000,test_btc,penumbra105shuajmml02qgfwmxz7rqqcjwu8tzjdyd3u75za35cj0se3pv5ssmxlv9qc86hawtae35whfst78g30z9xhyxvh8vrz433rlvslzg5675rwr8rcz7g6pszmc5tkm63u6kqa3f
10_000_000,test_eth,penumbra105shuajmml02qgfwmxz7rqqcjwu8tzjdyd3u75za35cj0se3pv5ssmxlv9qc86hawtae35whfst78g30z9xhyxvh8vrz433rlvslzg5675rwr8rcz7g6pszmc5tkm63u6kqa3f
10_000_000,test_atom,penumbra105shuajmml02qgfwmxz7rqqcjwu8tzjdyd3u75za35cj0se3pv5ssmxlv9qc86hawtae35whfst78g30z9xhyxvh8vrz433rlvslzg5675rwr8rcz7g6pszmc5tkm63u6kqa3f
10_000_000,test_osmo,penumbra105shuajmml02qgfwmxz7rqqcjwu8tzjdyd3u75za35cj0se3pv5ssmxlv9qc86hawtae35whfst78g30z9xhyxvh8vrz433rlvslzg5675rwr8rcz7g6pszmc5tkm63u6kqa3f
100,gm,penumbra147mfall0zr6am5r45qkwht7xqqrdsp50czde7empv7yq2nk3z8yyfh9k9520ddgswkmzar22vhz9dwtuem7uxw0qytfpv7lk3q9dp8ccaw2fn5c838rfackazmgf3ahh09cxmz
501_000,test_usd,penumbra147mfall0zr6am5r45qkwht7xqqrdsp50czde7empv7yq2nk3z8yyfh9k9520ddgswkmzar22vhz9dwtuem7uxw0qytfpv7lk3q9dp8ccaw2fn5c838rfackazmgf3ahh09cxmz
1,cube,penumbra147mfall0zr6am5r45qkwht7xqqrdsp50czde7empv7yq2nk3z8yyfh9k9520ddgswkmzar22vhz9dwtuem7uxw0qytfpv7lk3q9dp8ccaw2fn5c838rfackazmgf3ahh09cxmz
2_000__000_000,upenumbra,penumbra147mfall0zr6am5r45qkwht7xqqrdsp50czde7empv7yq2nk3z8yyfh9k9520ddgswkmzar22vhz9dwtuem7uxw0qytfpv7lk3q9dp8ccaw2fn5c838rfackazmgf3ahh09cxmz
1_000,test_usd,penumbra1vmmz304hjlkjq6xv4al5dqumvgk3ek82rneagj07vdqkudjvl6y7zxzr5k6qq24yc7yyyekpu9qm7ef3acg2u8p950hs6hu3e73guq5pfmmvm63qudfx4qmg8h7fdweyw3ektn
1_000__000_000,upenumbra,penumbra1vmmz304hjlkjq6xv4al5dqumvgk3ek82rneagj07vdqkudjvl6y7zxzr5k6qq24yc7yyyekpu9qm7ef3acg2u8p950hs6hu3e73guq5pfmmvm63qudfx4qmg8h7fdweyw3ektn
