"amount","denom","address"
"10_000_000__000_000","upenumbra","penumbrav2t1xx7me5h63ah9fkncd9ult0r6ln4ntwkf57u3g0yax9h7qf465tlrmvpwq9eulr0gugqr3aqucgny2plm336am5pz0u2clpjeqjfd5hn4fxxlzya7zs69qlqqg6fm726jvx9d4g"
"10_000_000__000_000","gm","penumbrav2t1xx7me5h63ah9fkncd9ult0r6ln4ntwkf57u3g0yax9h7qf465tlrmvpwq9eulr0gugqr3aqucgny2plm336am5pz0u2clpjeqjfd5hn4fxxlzya7zs69qlqqg6fm726jvx9d4g"
"10_000_000__000_000","gn","penumbrav2t1xx7me5h63ah9fkncd9ult0r6ln4ntwkf57u3g0yax9h7qf465tlrmvpwq9eulr0gugqr3aqucgny2plm336am5pz0u2clpjeqjfd5hn4fxxlzya7zs69qlqqg6fm726jvx9d4g"
"10_000_000__000_000","pizza","penumbrav2t1xx7me5h63ah9fkncd9ult0r6ln4ntwkf57u3g0yax9h7qf465tlrmvpwq9eulr0gugqr3aqucgny2plm336am5pz0u2clpjeqjfd5hn4fxxlzya7zs69qlqqg6fm726jvx9d4g"
"10_000_000__000_000","cube","penumbrav2t1xx7me5h63ah9fkncd9ult0r6ln4ntwkf57u3g0yax9h7qf465tlrmvpwq9eulr0gugqr3aqucgny2plm336am5pz0u2clpjeqjfd5hn4fxxlzya7zs69qlqqg6fm726jvx9d4g"
"10_000_000__000_000","test_usd","penumbrav2t1xx7me5h63ah9fkncd9ult0r6ln4ntwkf57u3g0yax9h7qf465tlrmvpwq9eulr0gugqr3aqucgny2plm336am5pz0u2clpjeqjfd5hn4fxxlzya7zs69qlqqg6fm726jvx9d4g"
"10_000_000__000_000","test_btc","penumbrav2t1xx7me5h63ah9fkncd9ult0r6ln4ntwkf57u3g0yax9h7qf465tlrmvpwq9eulr0gugqr3aqucgny2plm336am5pz0u2clpjeqjfd5hn4fxxlzya7zs69qlqqg6fm726jvx9d4g"
"10_000_000__000_000","test_eth","penumbrav2t1xx7me5h63ah9fkncd9ult0r6ln4ntwkf57u3g0yax9h7qf465tlrmvpwq9eulr0gugqr3aqucgny2plm336am5pz0u2clpjeqjfd5hn4fxxlzya7zs69qlqqg6fm726jvx9d4g"
"10_000_000__000_000","test_atom","penumbrav2t1xx7me5h63ah9fkncd9ult0r6ln4ntwkf57u3g0yax9h7qf465tlrmvpwq9eulr0gugqr3aqucgny2plm336am5pz0u2clpjeqjfd5hn4fxxlzya7zs69qlqqg6fm726jvx9d4g"
"10_000_000__000_000","test_osmo","penumbrav2t1xx7me5h63ah9fkncd9ult0r6ln4ntwkf57u3g0yax9h7qf465tlrmvpwq9eulr0gugqr3aqucgny2plm336am5pz0u2clpjeqjfd5hn4fxxlzya7zs69qlqqg6fm726jvx9d4g"
"10_000_000__000_000","upenumbra","penumbrav2t1df3c98dup489awqpdfszr5ww2tjvyl5kmdgdls4x3d3chzdr38y3ppm6drla7taxl9gr7lj4zyqznlwf70a77avf6v8w92pl9aqpvlmeal6avl2s4xne6pkz36lhe0w8pslz4e"
"200_000","gm","penumbrav2t1df3c98dup489awqpdfszr5ww2tjvyl5kmdgdls4x3d3chzdr38y3ppm6drla7taxl9gr7lj4zyqznlwf70a77avf6v8w92pl9aqpvlmeal6avl2s4xne6pkz36lhe0w8pslz4e"
"200_000","gn","penumbrav2t1df3c98dup489awqpdfszr5ww2tjvyl5kmdgdls4x3d3chzdr38y3ppm6drla7taxl9gr7lj4zyqznlwf70a77avf6v8w92pl9aqpvlmeal6avl2s4xne6pkz36lhe0w8pslz4e"
"100_000","pizza","penumbrav2t1df3c98dup489awqpdfszr5ww2tjvyl5kmdgdls4x3d3chzdr38y3ppm6drla7taxl9gr7lj4zyqznlwf70a77avf6v8w92pl9aqpvlmeal6avl2s4xne6pkz36lhe0w8pslz4e"
"1_000","cube","penumbrav2t1df3c98dup489awqpdfszr5ww2tjvyl5kmdgdls4x3d3chzdr38y3ppm6drla7taxl9gr7lj4zyqznlwf70a77avf6v8w92pl9aqpvlmeal6avl2s4xne6pkz36lhe0w8pslz4e"
"1_000","test_usd","penumbrav2t1df3c98dup489awqpdfszr5ww2tjvyl5kmdgdls4x3d3chzdr38y3ppm6drla7taxl9gr7lj4zyqznlwf70a77avf6v8w92pl9aqpvlmeal6avl2s4xne6pkz36lhe0w8pslz4e"
"50_000","nala","penumbrav2t1df3c98dup489awqpdfszr5ww2tjvyl5kmdgdls4x3d3chzdr38y3ppm6drla7taxl9gr7lj4zyqznlwf70a77avf6v8w92pl9aqpvlmeal6avl2s4xne6pkz36lhe0w8pslz4e"
"1_000__000_000","upenumbra","penumbrav2t13vh0fkf3qkqjacpm59g23ufea9n5us45e4p5h6hty8vg73r2t8g5l3kynad87u0n9eragf3hhkgkhqe5vhngq2cw493k48c9qg9ms4epllcmndd6ly4v4dw2jcnxaxzjqnlvnw"
"100","gm","penumbrav2t13vh0fkf3qkqjacpm59g23ufea9n5us45e4p5h6hty8vg73r2t8g5l3kynad87u0n9eragf3hhkgkhqe5vhngq2cw493k48c9qg9ms4epllcmndd6ly4v4dw2jcnxaxzjqnlvnw"
"1","cube","penumbrav2t13vh0fkf3qkqjacpm59g23ufea9n5us45e4p5h6hty8vg73r2t8g5l3kynad87u0n9eragf3hhkgkhqe5vhngq2cw493k48c9qg9ms4epllcmndd6ly4v4dw2jcnxaxzjqnlvnw"
"1_000","test_usd","penumbrav2t13vh0fkf3qkqjacpm59g23ufea9n5us45e4p5h6hty8vg73r2t8g5l3kynad87u0n9eragf3hhkgkhqe5vhngq2cw493k48c9qg9ms4epllcmndd6ly4v4dw2jcnxaxzjqnlvnw"
"1_000_000__000_000","upenumbra","penumbrav2t13ahs2s8ms6q0utgetty3zflwteepg87gqm88sqqcdj2mjhhydkykwu6n7dk557x84aa9a6cqhdytw0zk33xjgmuedprrlunc86up6zps8juej9rpuuydjtk7jaxpmrw2a64mcf"
"20_000","gm","penumbrav2t13ahs2s8ms6q0utgetty3zflwteepg87gqm88sqqcdj2mjhhydkykwu6n7dk557x84aa9a6cqhdytw0zk33xjgmuedprrlunc86up6zps8juej9rpuuydjtk7jaxpmrw2a64mcf"
"20_000","gn","penumbrav2t13ahs2s8ms6q0utgetty3zflwteepg87gqm88sqqcdj2mjhhydkykwu6n7dk557x84aa9a6cqhdytw0zk33xjgmuedprrlunc86up6zps8juej9rpuuydjtk7jaxpmrw2a64mcf"
"10_000","pizza","penumbrav2t13ahs2s8ms6q0utgetty3zflwteepg87gqm88sqqcdj2mjhhydkykwu6n7dk557x84aa9a6cqhdytw0zk33xjgmuedprrlunc86up6zps8juej9rpuuydjtk7jaxpmrw2a64mcf"
"100","cube","penumbrav2t13ahs2s8ms6q0utgetty3zflwteepg87gqm88sqqcdj2mjhhydkykwu6n7dk557x84aa9a6cqhdytw0zk33xjgmuedprrlunc86up6zps8juej9rpuuydjtk7jaxpmrw2a64mcf"
"1_000","test_usd","penumbrav2t13ahs2s8ms6q0utgetty3zflwteepg87gqm88sqqcdj2mjhhydkykwu6n7dk557x84aa9a6cqhdytw0zk33xjgmuedprrlunc86up6zps8juej9rpuuydjtk7jaxpmrw2a64mcf"
"1_000_000__000_000","upenumbra","penumbrav2t1uw03wyt49u7wm5wgu4nvkdt0v48fdaw5y4az4xlgmnp6ucs6th4xd0zg8wqxwndwfv286ktjwgemyhrxqu0d5qjf8dapr57l3k8yqs09vw9m5ywxsx9hjj2dj4qwnrl2qs6222"
"20_000","gm","penumbrav2t1uw03wyt49u7wm5wgu4nvkdt0v48fdaw5y4az4xlgmnp6ucs6th4xd0zg8wqxwndwfv286ktjwgemyhrxqu0d5qjf8dapr57l3k8yqs09vw9m5ywxsx9hjj2dj4qwnrl2qs6222"
"20_000","gn","penumbrav2t1uw03wyt49u7wm5wgu4nvkdt0v48fdaw5y4az4xlgmnp6ucs6th4xd0zg8wqxwndwfv286ktjwgemyhrxqu0d5qjf8dapr57l3k8yqs09vw9m5ywxsx9hjj2dj4qwnrl2qs6222"
"10_000","pizza","penumbrav2t1uw03wyt49u7wm5wgu4nvkdt0v48fdaw5y4az4xlgmnp6ucs6th4xd0zg8wqxwndwfv286ktjwgemyhrxqu0d5qjf8dapr57l3k8yqs09vw9m5ywxsx9hjj2dj4qwnrl2qs6222"
"100","cube","penumbrav2t1uw03wyt49u7wm5wgu4nvkdt0v48fdaw5y4az4xlgmnp6ucs6th4xd0zg8wqxwndwfv286ktjwgemyhrxqu0d5qjf8dapr57l3k8yqs09vw9m5ywxsx9hjj2dj4qwnrl2qs6222"
"1_000","test_usd","penumbrav2t1uw03wyt49u7wm5wgu4nvkdt0v48fdaw5y4az4xlgmnp6ucs6th4xd0zg8wqxwndwfv286ktjwgemyhrxqu0d5qjf8dapr57l3k8yqs09vw9m5ywxsx9hjj2dj4qwnrl2qs6222"
"1_000_000__000_000","upenumbra","penumbrav2t1w6em8sdx0467ug9kk0s0sng254tqjfk9gglv6ff7dq2v8arwekevkjte9udzmsj9l83mz74747tj0a49w2vhecxj7ac4upr5c5pvjqhsy7dwn422m8dgdekt7y4lmad0fg04dr"
"20_000","gm","penumbrav2t1w6em8sdx0467ug9kk0s0sng254tqjfk9gglv6ff7dq2v8arwekevkjte9udzmsj9l83mz74747tj0a49w2vhecxj7ac4upr5c5pvjqhsy7dwn422m8dgdekt7y4lmad0fg04dr"
"20_000","gn","penumbrav2t1w6em8sdx0467ug9kk0s0sng254tqjfk9gglv6ff7dq2v8arwekevkjte9udzmsj9l83mz74747tj0a49w2vhecxj7ac4upr5c5pvjqhsy7dwn422m8dgdekt7y4lmad0fg04dr"
"10_000","pizza","penumbrav2t1w6em8sdx0467ug9kk0s0sng254tqjfk9gglv6ff7dq2v8arwekevkjte9udzmsj9l83mz74747tj0a49w2vhecxj7ac4upr5c5pvjqhsy7dwn422m8dgdekt7y4lmad0fg04dr"
"100","cube","penumbrav2t1w6em8sdx0467ug9kk0s0sng254tqjfk9gglv6ff7dq2v8arwekevkjte9udzmsj9l83mz74747tj0a49w2vhecxj7ac4upr5c5pvjqhsy7dwn422m8dgdekt7y4lmad0fg04dr"
"1_000","test_usd","penumbrav2t1w6em8sdx0467ug9kk0s0sng254tqjfk9gglv6ff7dq2v8arwekevkjte9udzmsj9l83mz74747tj0a49w2vhecxj7ac4upr5c5pvjqhsy7dwn422m8dgdekt7y4lmad0fg04dr"
"1_000_000__000_000","upenumbra","penumbrav2t1jp4pryqqmh65pq8e7zwk6k2674vwhn4qqphxjk0vukxln0crmp2tdld0mhavuyrspwuajnsk5t5t33u2auxvheunr7qde4l068ez0euvtu08z7rwj6shlh64ndz0wvz7mfqdcd"
"20_000","gm","penumbrav2t1jp4pryqqmh65pq8e7zwk6k2674vwhn4qqphxjk0vukxln0crmp2tdld0mhavuyrspwuajnsk5t5t33u2auxvheunr7qde4l068ez0euvtu08z7rwj6shlh64ndz0wvz7mfqdcd"
"20_000","gn","penumbrav2t1jp4pryqqmh65pq8e7zwk6k2674vwhn4qqphxjk0vukxln0crmp2tdld0mhavuyrspwuajnsk5t5t33u2auxvheunr7qde4l068ez0euvtu08z7rwj6shlh64ndz0wvz7mfqdcd"
"10_000","pizza","penumbrav2t1jp4pryqqmh65pq8e7zwk6k2674vwhn4qqphxjk0vukxln0crmp2tdld0mhavuyrspwuajnsk5t5t33u2auxvheunr7qde4l068ez0euvtu08z7rwj6shlh64ndz0wvz7mfqdcd"
"100","cube","penumbrav2t1jp4pryqqmh65pq8e7zwk6k2674vwhn4qqphxjk0vukxln0crmp2tdld0mhavuyrspwuajnsk5t5t33u2auxvheunr7qde4l068ez0euvtu08z7rwj6shlh64ndz0wvz7mfqdcd"
"1_000","test_usd","penumbrav2t1jp4pryqqmh65pq8e7zwk6k2674vwhn4qqphxjk0vukxln0crmp2tdld0mhavuyrspwuajnsk5t5t33u2auxvheunr7qde4l068ez0euvtu08z7rwj6shlh64ndz0wvz7mfqdcd"
"1_000_000__000_000","upenumbra","penumbrav2t1tyha9sze7g7552r4ue6fmna4xjng6fatmtmyxxe4j8lqz4wj5en85s34n0r0m4m0pxrdvr0teyalsgptrr6p69jtj6agxzjgyt5463htrjdymr0c5eclvvw5pax9589k882gke"
"20_000","gm","penumbrav2t1tyha9sze7g7552r4ue6fmna4xjng6fatmtmyxxe4j8lqz4wj5en85s34n0r0m4m0pxrdvr0teyalsgptrr6p69jtj6agxzjgyt5463htrjdymr0c5eclvvw5pax9589k882gke"
"20_000","gn","penumbrav2t1tyha9sze7g7552r4ue6fmna4xjng6fatmtmyxxe4j8lqz4wj5en85s34n0r0m4m0pxrdvr0teyalsgptrr6p69jtj6agxzjgyt5463htrjdymr0c5eclvvw5pax9589k882gke"
"10_000","pizza","penumbrav2t1tyha9sze7g7552r4ue6fmna4xjng6fatmtmyxxe4j8lqz4wj5en85s34n0r0m4m0pxrdvr0teyalsgptrr6p69jtj6agxzjgyt5463htrjdymr0c5eclvvw5pax9589k882gke"
"100","cube","penumbrav2t1tyha9sze7g7552r4ue6fmna4xjng6fatmtmyxxe4j8lqz4wj5en85s34n0r0m4m0pxrdvr0teyalsgptrr6p69jtj6agxzjgyt5463htrjdymr0c5eclvvw5pax9589k882gke"
"1_000","test_usd","penumbrav2t1tyha9sze7g7552r4ue6fmna4xjng6fatmtmyxxe4j8lqz4wj5en85s34n0r0m4m0pxrdvr0teyalsgptrr6p69jtj6agxzjgyt5463htrjdymr0c5eclvvw5pax9589k882gke"
"1_000_000__000_000","upenumbra","penumbrav2t1hum845ches70c8kp8zfx7nerjwfe653hxsrpgwepwtspcp4jy6ytnxhe5kwn56sku684x6zzqcwp5ycrkee5mmg9kdl3jkr5lqn2xq3kqxvp4d7gwqdue5jznk2ter2t66mk4n"
"20_000","gm","penumbrav2t1hum845ches70c8kp8zfx7nerjwfe653hxsrpgwepwtspcp4jy6ytnxhe5kwn56sku684x6zzqcwp5ycrkee5mmg9kdl3jkr5lqn2xq3kqxvp4d7gwqdue5jznk2ter2t66mk4n"
"20_000","gn","penumbrav2t1hum845ches70c8kp8zfx7nerjwfe653hxsrpgwepwtspcp4jy6ytnxhe5kwn56sku684x6zzqcwp5ycrkee5mmg9kdl3jkr5lqn2xq3kqxvp4d7gwqdue5jznk2ter2t66mk4n"
"10_000","pizza","penumbrav2t1hum845ches70c8kp8zfx7nerjwfe653hxsrpgwepwtspcp4jy6ytnxhe5kwn56sku684x6zzqcwp5ycrkee5mmg9kdl3jkr5lqn2xq3kqxvp4d7gwqdue5jznk2ter2t66mk4n"
"100","cube","penumbrav2t1hum845ches70c8kp8zfx7nerjwfe653hxsrpgwepwtspcp4jy6ytnxhe5kwn56sku684x6zzqcwp5ycrkee5mmg9kdl3jkr5lqn2xq3kqxvp4d7gwqdue5jznk2ter2t66mk4n"
"1_000","test_usd","penumbrav2t1hum845ches70c8kp8zfx7nerjwfe653hxsrpgwepwtspcp4jy6ytnxhe5kwn56sku684x6zzqcwp5ycrkee5mmg9kdl3jkr5lqn2xq3kqxvp4d7gwqdue5jznk2ter2t66mk4n"
"1_000_000__000_000","upenumbra","penumbrav2t1xap8sgefy9rl2nfvsse0h4y6c25hy2n20ymr5w7hs28m9xemt3tmz88atyulswumc32sv7h937wnfhyct282de66zm75nk6ywq3d4r32p5ju0cnscj2rraesnrxr9lvke9y6lw"
"20_000","gm","penumbrav2t1xap8sgefy9rl2nfvsse0h4y6c25hy2n20ymr5w7hs28m9xemt3tmz88atyulswumc32sv7h937wnfhyct282de66zm75nk6ywq3d4r32p5ju0cnscj2rraesnrxr9lvke9y6lw"
"20_000","gn","penumbrav2t1xap8sgefy9rl2nfvsse0h4y6c25hy2n20ymr5w7hs28m9xemt3tmz88atyulswumc32sv7h937wnfhyct282de66zm75nk6ywq3d4r32p5ju0cnscj2rraesnrxr9lvke9y6lw"
"10_000","pizza","penumbrav2t1xap8sgefy9rl2nfvsse0h4y6c25hy2n20ymr5w7hs28m9xemt3tmz88atyulswumc32sv7h937wnfhyct282de66zm75nk6ywq3d4r32p5ju0cnscj2rraesnrxr9lvke9y6lw"
"100","cube","penumbrav2t1xap8sgefy9rl2nfvsse0h4y6c25hy2n20ymr5w7hs28m9xemt3tmz88atyulswumc32sv7h937wnfhyct282de66zm75nk6ywq3d4r32p5ju0cnscj2rraesnrxr9lvke9y6lw"
"1_000","test_usd","penumbrav2t1xap8sgefy9rl2nfvsse0h4y6c25hy2n20ymr5w7hs28m9xemt3tmz88atyulswumc32sv7h937wnfhyct282de66zm75nk6ywq3d4r32p5ju0cnscj2rraesnrxr9lvke9y6lw"
"1_000_000__000_000","upenumbra","penumbrav2t1ashn9cn72t3m9lsy5dqnruj8h4sh8vjx3hfea2r9j77yllj9alwsu4dwhjfg6yqa42dqc4s9qlevxg9lt593t6t0kq0c3cqvrtrhc9ls3luuvyyh0ry2d0kaewccmwqwya3rsv"
"20_000","gm","penumbrav2t1ashn9cn72t3m9lsy5dqnruj8h4sh8vjx3hfea2r9j77yllj9alwsu4dwhjfg6yqa42dqc4s9qlevxg9lt593t6t0kq0c3cqvrtrhc9ls3luuvyyh0ry2d0kaewccmwqwya3rsv"
"20_000","gn","penumbrav2t1ashn9cn72t3m9lsy5dqnruj8h4sh8vjx3hfea2r9j77yllj9alwsu4dwhjfg6yqa42dqc4s9qlevxg9lt593t6t0kq0c3cqvrtrhc9ls3luuvyyh0ry2d0kaewccmwqwya3rsv"
"10_000","pizza","penumbrav2t1ashn9cn72t3m9lsy5dqnruj8h4sh8vjx3hfea2r9j77yllj9alwsu4dwhjfg6yqa42dqc4s9qlevxg9lt593t6t0kq0c3cqvrtrhc9ls3luuvyyh0ry2d0kaewccmwqwya3rsv"
"100","cube","penumbrav2t1ashn9cn72t3m9lsy5dqnruj8h4sh8vjx3hfea2r9j77yllj9alwsu4dwhjfg6yqa42dqc4s9qlevxg9lt593t6t0kq0c3cqvrtrhc9ls3luuvyyh0ry2d0kaewccmwqwya3rsv"
"1_000","test_usd","penumbrav2t1ashn9cn72t3m9lsy5dqnruj8h4sh8vjx3hfea2r9j77yllj9alwsu4dwhjfg6yqa42dqc4s9qlevxg9lt593t6t0kq0c3cqvrtrhc9ls3luuvyyh0ry2d0kaewccmwqwya3rsv"
"1_000_000__000_000","upenumbra","penumbrav2t1f5h060qspaga3vvwf2mwak2dj6ugymxd2et5h6l3n0u2y57lcv4t7j2m8n75nm7qmhg4v3csexl5slm6tm5hg5wyw39fv2q0jnpwdjn3llduzgmg5d3efuqq6ymn76t0hvgage"
"20_000","gm","penumbrav2t1f5h060qspaga3vvwf2mwak2dj6ugymxd2et5h6l3n0u2y57lcv4t7j2m8n75nm7qmhg4v3csexl5slm6tm5hg5wyw39fv2q0jnpwdjn3llduzgmg5d3efuqq6ymn76t0hvgage"
"20_000","gn","penumbrav2t1f5h060qspaga3vvwf2mwak2dj6ugymxd2et5h6l3n0u2y57lcv4t7j2m8n75nm7qmhg4v3csexl5slm6tm5hg5wyw39fv2q0jnpwdjn3llduzgmg5d3efuqq6ymn76t0hvgage"
"10_000","pizza","penumbrav2t1f5h060qspaga3vvwf2mwak2dj6ugymxd2et5h6l3n0u2y57lcv4t7j2m8n75nm7qmhg4v3csexl5slm6tm5hg5wyw39fv2q0jnpwdjn3llduzgmg5d3efuqq6ymn76t0hvgage"
"100","cube","penumbrav2t1f5h060qspaga3vvwf2mwak2dj6ugymxd2et5h6l3n0u2y57lcv4t7j2m8n75nm7qmhg4v3csexl5slm6tm5hg5wyw39fv2q0jnpwdjn3llduzgmg5d3efuqq6ymn76t0hvgage"
"1_000","test_usd","penumbrav2t1f5h060qspaga3vvwf2mwak2dj6ugymxd2et5h6l3n0u2y57lcv4t7j2m8n75nm7qmhg4v3csexl5slm6tm5hg5wyw39fv2q0jnpwdjn3llduzgmg5d3efuqq6ymn76t0hvgage"
"1_000_000__000_000","upenumbra","penumbrav2t1xsfq50zc8kctc6k8e0lr9uy7qeku3c3racv3f6keu0w9qk2cmfyfkm5dwqk50ffuftjjauz7zu436h6gde3p5yq8w5pkg9nken48qzpvfcvclpadmxkk9u9enfys7j9p8ml5y5"
"20_000","gm","penumbrav2t1xsfq50zc8kctc6k8e0lr9uy7qeku3c3racv3f6keu0w9qk2cmfyfkm5dwqk50ffuftjjauz7zu436h6gde3p5yq8w5pkg9nken48qzpvfcvclpadmxkk9u9enfys7j9p8ml5y5"
"20_000","gn","penumbrav2t1xsfq50zc8kctc6k8e0lr9uy7qeku3c3racv3f6keu0w9qk2cmfyfkm5dwqk50ffuftjjauz7zu436h6gde3p5yq8w5pkg9nken48qzpvfcvclpadmxkk9u9enfys7j9p8ml5y5"
"10_000","pizza","penumbrav2t1xsfq50zc8kctc6k8e0lr9uy7qeku3c3racv3f6keu0w9qk2cmfyfkm5dwqk50ffuftjjauz7zu436h6gde3p5yq8w5pkg9nken48qzpvfcvclpadmxkk9u9enfys7j9p8ml5y5"
"100","cube","penumbrav2t1xsfq50zc8kctc6k8e0lr9uy7qeku3c3racv3f6keu0w9qk2cmfyfkm5dwqk50ffuftjjauz7zu436h6gde3p5yq8w5pkg9nken48qzpvfcvclpadmxkk9u9enfys7j9p8ml5y5"
"1_000","test_usd","penumbrav2t1xsfq50zc8kctc6k8e0lr9uy7qeku3c3racv3f6keu0w9qk2cmfyfkm5dwqk50ffuftjjauz7zu436h6gde3p5yq8w5pkg9nken48qzpvfcvclpadmxkk9u9enfys7j9p8ml5y5"
